text,label
"Software engineer with 4 years of experience in Python, Django, and PostgreSQL. Built REST APIs and deployed cloud services on AWS.",cv
"Data analyst with strong SQL, Excel, and Power BI skills. Created dashboards for retail and e-commerce performance tracking.",cv
"Machine learning engineer experienced in PyTorch, NLP, Docker, and model deployment for customer support automation.",cv
"Project manager with MBA and 8 years of experience leading cross-functional teams in banking and telecom programs.",cv
"Frontend developer skilled in React, JavaScript, TypeScript, and responsive user interface design for SaaS products.",cv
"Backend developer with expertise in Java, Spring Boot, MySQL, and microservice architecture for logistics systems.",cv
"Cybersecurity analyst with experience in SIEM monitoring, incident response, vulnerability assessment, and network hardening.",cv
"DevOps engineer with 6 years of experience in Kubernetes, Docker, CI/CD, Linux administration, and infrastructure automation.",cv
"Business analyst with experience in requirements gathering, BPMN modeling, stakeholder interviews, and digital transformation projects.",cv
"Mobile developer with Android and Flutter experience. Built cross-platform applications for education and healthcare services.",cv
"Financial analyst with CFA level preparation and 5 years of experience in forecasting, budgeting, and investment reporting.",cv
"HR specialist experienced in recruitment, onboarding, payroll coordination, and employee engagement initiatives.",cv
"UI UX designer skilled in Figma, prototyping, wireframing, design systems, and usability testing.",cv
"Cloud architect with experience designing secure Azure and AWS solutions for enterprise migration projects.",cv
"Database administrator with 10 years of experience in SQL Server, Oracle, backup strategies, and performance tuning.",cv
"Quality assurance engineer experienced in manual testing, Selenium automation, API validation, and regression planning.",cv
"Research assistant with a master's degree in artificial intelligence and publications in machine learning conferences.",cv
"Digital marketing manager with expertise in SEO, Google Ads, content strategy, and campaign performance measurement.",cv
"Systems engineer with experience in Linux servers, VMware virtualization, monitoring, and disaster recovery planning.",cv
"Product owner skilled in agile delivery, backlog prioritization, user story writing, and stakeholder alignment.",cv
"Civil engineer with project planning experience, AutoCAD knowledge, and construction site coordination for infrastructure works.",cv
"Electrical engineer experienced in PLC programming, industrial maintenance, and energy efficiency optimization.",cv
"Teacher with 7 years of experience in mathematics instruction, curriculum planning, and classroom technology integration.",cv
"Procurement specialist with experience in vendor negotiation, purchase orders, contract review, and supply chain coordination.",cv
"Full-stack developer skilled in Node.js, Express, MongoDB, React, and payment system integration.",cv
"Data scientist with experience in Python, scikit-learn, feature engineering, and predictive analytics for customer churn.",cv
"Operations manager with a strong background in process optimization, KPI tracking, and team supervision.",cv
"Graphic designer skilled in Adobe Illustrator, Photoshop, branding, and social media visual content creation.",cv
"Network engineer with CCNA-level skills in routing, switching, firewall configuration, and VPN deployment.",cv
"Accountant with experience in reconciliation, tax filing support, general ledger management, and audit preparation.",cv
"Biomedical engineer with research experience in signal processing, sensor integration, and healthcare device evaluation.",cv
"Legal assistant skilled in document drafting, compliance tracking, contract filing, and case coordination.",cv
"Content writer experienced in technical writing, copy editing, blog publishing, and editorial planning.",cv
"Mechanical engineer with CAD design experience, manufacturing process knowledge, and maintenance planning skills.",cv
"Sales manager with 9 years of experience in B2B account management, pipeline forecasting, and client retention.",cv
"IT support specialist experienced in troubleshooting Windows systems, ticket management, hardware setup, and user training.",cv
"Statistician with experience in R, SPSS, experimental design, and survey data analysis.",cv
"Customer success manager skilled in onboarding, product adoption, churn reduction, and client relationship management.",cv
"Supply chain analyst with expertise in inventory planning, ERP reporting, vendor coordination, and demand forecasting.",cv
"Healthcare administrator with experience in scheduling, medical records coordination, and patient service workflows.",cv
"Software developer with experience in C#, .NET, SQL Server, and desktop application maintenance.",cv
"NLP engineer specializing in text classification, transformers, prompt design, and multilingual language processing.",cv
"Junior data analyst with internship experience in Excel reporting, SQL queries, and sales trend analysis.",cv
"Senior Python developer with expertise in FastAPI, asynchronous programming, and automated testing.",cv
"Embedded systems engineer experienced in C programming, microcontrollers, IoT sensors, and serial communication.",cv
"Operations analyst with a strong background in process documentation, metric analysis, and continuous improvement.",cv
"E-commerce specialist experienced in catalog management, conversion tracking, and digital merchandising.",cv
"Business development representative with strong lead generation, CRM usage, and client communication skills.",cv
"Economics graduate skilled in research, statistical analysis, and policy report writing.",cv
"Marketing analyst with experience in campaign analytics, customer segmentation, and dashboard reporting.",cv
"Site reliability engineer skilled in observability, incident response, Terraform, and service availability management.",cv
"Administrative assistant with excellent organization, scheduling, document preparation, and office coordination skills.",cv
"Public relations officer experienced in media outreach, press release writing, and event communication.",cv
"AI engineer with hands-on work in computer vision, CNN training, data labeling, and inference optimization.",cv
"Hospitality manager with experience in team leadership, guest satisfaction, reservation systems, and operations planning.",cv
"Teacher assistant experienced in lesson support, grading coordination, and educational workshop preparation.",cv
"Recruitment consultant with experience sourcing candidates, screening interviews, and talent pipeline management.",cv
"Environmental engineer skilled in sustainability reporting, compliance monitoring, and waste reduction planning.",cv
"Auditor with experience in internal controls, compliance checks, financial review, and process documentation.",cv
"Business intelligence developer experienced in ETL pipelines, Power BI modeling, and KPI dashboard automation.",cv
"Software tester with experience in Jira, bug reporting, smoke testing, and user acceptance testing.",cv
"Community manager skilled in social media engagement, moderation, analytics, and brand voice management.",cv
"Pharmacy graduate with training in patient care, inventory control, and prescription documentation.",cv
"Logistics coordinator experienced in shipment tracking, warehouse operations, and transportation planning.",cv
"Solutions consultant with presales experience, customer demos, requirement analysis, and implementation support.",cv
"Academic researcher with strong literature review, statistical analysis, and report writing skills.",cv
"ERP consultant skilled in SAP modules, process mapping, user training, and system support.",cv
"Security engineer experienced in IAM, penetration testing coordination, SIEM dashboards, and risk assessment.",cv
"Java developer with experience in REST services, Spring Security, Maven, and relational databases.",cv
"Cloud support engineer experienced in incident triage, Linux servers, monitoring alerts, and ticket escalation.",cv
"Media buyer with expertise in ad platforms, CPC optimization, campaign budgeting, and audience targeting.",cv
"Interior designer skilled in space planning, 3D visualization, material selection, and client presentations.",cv
"Econometric analyst with experience in regression modeling, panel data analysis, and forecasting.",cv
"Clinical data coordinator experienced in records validation, reporting compliance, and healthcare administration.",cv
"Social worker with experience in case documentation, client support planning, and community outreach.",cv
"Research intern with exposure to deep learning experiments, dataset cleaning, and evaluation reporting.",cv
"Procurement analyst experienced in bid comparison, spend analysis, supplier communication, and reporting.",cv
"Python developer skilled in web scraping, automation scripts, Pandas workflows, and data cleaning.",cv
"Tax specialist with experience in compliance review, VAT reporting, and financial documentation.",cv
"Retail manager experienced in team supervision, sales performance tracking, merchandising, and staffing.",cv
"Information systems graduate with training in databases, UML, project documentation, and software testing.",cv
"Motion designer skilled in After Effects, animation storytelling, and multimedia editing for campaigns.",cv
"Cloud data engineer with experience building data pipelines, Spark jobs, and warehouse integrations.",cv
"Field service technician experienced in equipment maintenance, diagnostics, installation, and customer support.",cv
"Portfolio resume for a product designer focused on accessibility, design research, prototyping, and UX strategy.",cv
"Experienced accountant with 6 years in budgeting, cost analysis, payroll processing, and reporting compliance.",cv
"Resume of a software architect with leadership in event-driven systems, API governance, and distributed design.",cv
"Candidate profile for a machine learning researcher with Python, TensorFlow, and computer vision experience.",cv
"Professional CV for a sales executive with CRM expertise, quota achievement, negotiation, and regional account growth.",cv
"Resume of an operations supervisor with manufacturing process control, safety procedures, and team management.",cv
"Candidate document showing a human resources officer with recruitment, policy administration, and training support.",cv
"Portfolio summary for a photographer experienced in product shoots, editing, retouching, and visual storytelling.",cv
"Profile of a legal consultant with contract review, regulatory research, and compliance advisory work.",cv
"CV of a university lecturer with curriculum design, academic advising, and applied research experience.",cv
"Candidate summary for a software engineer skilled in Go, Redis, PostgreSQL, and backend performance optimization.",cv
"Resume for a healthcare data analyst with SQL, reporting, patient metrics, and dashboard development.",cv
"Professional profile of a logistics planner with route optimization, inventory coordination, and vendor follow-up.",cv
"Career summary of a customer support lead with escalation management, KPI monitoring, and process coaching.",cv
"Candidate profile describing an AI product manager with roadmap planning, data collaboration, and feature evaluation.",cv
"Experienced Python programmer with Django, Flask, Celery, Redis, and REST API design for fintech applications.",cv
"Invoice #1001 for web development services. Client: Atlas Tech. Amount: 4200 MAD. Date: 12/04/2026. Contact: billing@atlas.com",invoice
"Billing statement for consulting services. Total: 3500 USD. Invoice #2008. Date: 05/03/2026. Email: finance@nova.org",invoice
"Invoice for graphic design services. Client: Blue Media. Amount: 1800 EUR. Due date: 20/05/2026.",invoice
"Invoice #3012 for cloud hosting. Amount: 950 USD. Client: SmartSys. Contact: accounts@smartsys.com",invoice
"Payment request for legal advisory services. Total amount: 6200 MAD. Invoice #8891. Date: 17/02/2026.",invoice
"Invoice #1450 for mobile app maintenance. Client: HealthBridge. Amount: 2600 USD. Date: 09/01/2026.",invoice
"Consulting invoice #5560. Total: 4800 EUR. Project: ERP implementation. Contact: billing@erpflow.net",invoice
"Billing invoice for cybersecurity audit services. Amount: 7100 MAD. Client: SecureNet. Date: 28/03/2026.",invoice
"Invoice #7722 for marketing campaign management. Total: 3900 USD. Email: accounts@visionads.com",invoice
"Payment invoice for server migration support. Amount: 5400 EUR. Client: CloudPort. Date: 14/02/2026.",invoice
"Invoice #9031 for accounting services. Client: Cedar Partners. Amount: 2200 MAD. Date: 03/04/2026.",invoice
"Statement of charges for training workshops. Total: 3100 USD. Invoice #1187. Contact: academy@learnpro.io",invoice
"Invoice #6542 for software licensing renewal. Amount: 1250 USD. Date: 30/04/2026. Client: DeltaLogix.",invoice
"Billing request for translation services. Total: 1400 EUR. Invoice #4190. Email: invoices@linguaworks.com",invoice
"Invoice for interior design consultation. Client: Urban Space. Amount: 2750 MAD. Date: 11/05/2026.",invoice
"Invoice #7305 for HR recruitment services. Total amount: 4600 MAD. Contact: payroll@talentrise.ma",invoice
"Payment statement for hardware procurement. Amount: 8900 USD. Invoice #9114. Client: ByteFactory.",invoice
"Invoice for database optimization services. Total: 3300 EUR. Invoice #5033. Date: 22/01/2026.",invoice
"Billing document for annual maintenance contract. Client: GreenGrid. Amount: 5900 MAD. Date: 13/03/2026.",invoice
"Invoice #2209 for video production services. Total: 4100 USD. Email: finance@pixelstory.com",invoice
"Invoice #1019 for UX research consulting. Client: ProductLab. Amount: 1850 EUR. Date: 06/02/2026.",invoice
"Payment request for cloud storage usage. Total: 760 USD. Invoice #3388. Contact: billing@datavault.io",invoice
"Invoice for legal documentation review. Client: NorthLegal. Amount: 2950 MAD. Date: 18/01/2026.",invoice
"Billing statement invoice #4471. Total amount: 6600 USD. Service: data migration project support.",invoice
"Invoice #8655 for training materials and workshop facilitation. Amount: 2450 EUR. Date: 29/04/2026.",invoice
"Invoice for monthly cleaning services. Client: Horizon Tower. Amount: 1200 MAD. Date: 05/05/2026.",invoice
"Payment invoice #5317 for equipment rental. Total: 3750 USD. Contact: accounts@rentpro.net",invoice
"Invoice #7128 for event coordination services. Client: Summit One. Amount: 4300 EUR. Date: 21/03/2026.",invoice
"Billing request for SEO optimization package. Total amount: 2700 MAD. Invoice #1863.",invoice
"Invoice #9087 for software testing services. Client: TestFlow. Amount: 3100 USD. Date: 10/04/2026.",invoice
"Invoice #6022 for architectural drawing review. Amount: 2250 EUR. Client: BuildAxis.",invoice
"Statement of invoice charges for consulting retainer. Total: 8000 MAD. Date: 16/02/2026. Invoice #3499.",invoice
"Invoice #7750 for AI model deployment support. Client: SmartClinic. Amount: 5150 USD. Contact: finance@smartclinic.com",invoice
"Billing notice for warehouse automation maintenance. Total: 6800 EUR. Invoice #1218.",invoice
"Invoice for data annotation services. Client: VisionScale. Amount: 2100 MAD. Date: 07/03/2026.",invoice
"Invoice #9421 for public relations consulting. Total amount: 3560 USD. Email: payables@mediarise.com",invoice
"Payment request invoice #2784 for tax advisory support. Amount: 4980 MAD. Date: 23/04/2026.",invoice
"Invoice #3330 for software onboarding sessions. Client: EduCore. Total: 1500 EUR. Contact: billing@educore.org",invoice
"Billing invoice for social media design package. Amount: 980 USD. Invoice #6444. Date: 12/02/2026.",invoice
"Invoice #8876 for cloud security assessment. Client: TrustLayer. Amount: 7200 MAD. Date: 26/01/2026.",invoice
"Invoice for maintenance of solar equipment. Total amount: 3900 EUR. Client: SunVolt. Date: 04/05/2026.",invoice
"Billing statement #4015 for restaurant supply delivery. Amount: 5600 MAD. Contact: finance@freshroute.ma",invoice
"Invoice #2191 for business analysis services. Total: 2800 USD. Date: 19/03/2026.",invoice
"Invoice document for annual software subscription. Client: NovaClinic. Amount: 1340 EUR. Invoice #5619.",invoice
"Payment request for legal translation work. Total: 1650 MAD. Invoice #8074. Contact: account@lexilang.com",invoice
"Invoice #4981 for CRM implementation support. Client: SalesOrbit. Amount: 6050 USD. Date: 08/04/2026.",invoice
"Billing invoice for field technician visits. Total amount: 2150 MAD. Invoice #9433. Date: 27/02/2026.",invoice
"Invoice #3601 for payroll processing services. Client: PrimeStaff. Amount: 1880 EUR. Email: pay@primestaff.com",invoice
"Payment invoice for procurement consulting. Total: 4670 USD. Invoice #1502. Date: 31/03/2026.",invoice
"Invoice #7259 for localization and proofreading services. Client: GlobalText. Amount: 990 EUR.",invoice
"Billing note for mobile network maintenance. Total amount: 8450 MAD. Invoice #6140. Date: 22/05/2026.",invoice
"Invoice #1117 for market research survey execution. Client: InsightLab. Amount: 2550 USD.",invoice
"Invoice for accounting software customization. Total: 3700 EUR. Date: 15/04/2026. Invoice #8822.",invoice
"Billing statement for learning management platform support. Client: CampusFlow. Amount: 4050 MAD. Invoice #2716.",invoice
"Invoice #3944 for electrical inspection services. Total: 2890 USD. Contact: billing@voltcheck.com",invoice
"Payment request invoice #6158 for office furniture installation. Amount: 5200 MAD. Client: SpaceCraft.",invoice
"Invoice #4870 for translation of technical manuals. Total amount: 1780 EUR. Date: 11/03/2026.",invoice
"Invoice for monthly analytics subscription. Client: DataBridge. Amount: 640 USD. Invoice #2925.",invoice
"Billing notice for recruitment advertising campaign. Total: 1440 USD. Date: 20/01/2026. Invoice #5508.",invoice
"Invoice #8410 for strategic planning workshop. Client: PeakBoard. Amount: 3300 EUR. Contact: finance@peakboard.io",invoice
"Payment invoice for laptop maintenance and replacement parts. Total amount: 2480 MAD. Invoice #9306.",invoice
"Invoice #2054 for industrial calibration services. Client: MechaLab. Amount: 7100 EUR. Date: 06/05/2026.",invoice
"Invoice for annual audit services. Total: 9600 MAD. Invoice #6647. Contact: invoices@auditline.ma",invoice
"Billing statement #5731 for database licensing fees. Amount: 2850 USD. Client: CoreWare.",invoice
"Invoice #3446 for cloud backup restoration. Total amount: 1925 EUR. Date: 13/01/2026.",invoice
"Payment request for educational content production. Client: LearnSpark. Amount: 2300 MAD. Invoice #7181.",invoice
"Invoice #9540 for healthcare reporting integration. Total: 5200 USD. Email: billing@medsync.org",invoice
"Billing invoice for manufacturing process review. Amount: 6100 EUR. Invoice #2672. Date: 17/05/2026.",invoice
"Invoice #4382 for software bug fixing sprint. Client: CodeHarbor. Total amount: 3120 USD.",invoice
"Invoice for photography package and editing. Amount: 1500 MAD. Date: 24/04/2026. Invoice #6904.",invoice
"Payment statement for legal compliance training. Total: 2840 EUR. Client: ReguTrain. Invoice #5823.",invoice
"Invoice #1298 for penetration testing services. Amount: 8800 USD. Contact: security@redvault.com",invoice
"Billing request for data entry services. Total amount: 930 MAD. Invoice #7110. Date: 09/02/2026.",invoice
"Invoice #3088 for e-commerce website redesign. Client: ShopNova. Amount: 4720 EUR. Email: payables@shopnova.com",invoice
"Payment invoice for fleet maintenance analysis. Total: 2650 MAD. Invoice #9016.",invoice
"Invoice for training sessions on SQL and BI tools. Amount: 1990 USD. Date: 02/03/2026. Invoice #4765.",invoice
"Billing statement #8242 for document digitization project. Client: ArchivePro. Total: 3450 EUR.",invoice
"Invoice #5129 for customer support outsourcing. Amount: 7900 MAD. Date: 27/04/2026.",invoice
"Invoice for multilingual content adaptation. Client: GlobeLearn. Amount: 2150 USD. Invoice #6630.",invoice
"Payment request invoice #7453 for compliance dashboard implementation. Total: 4360 EUR.",invoice
"Invoice #2877 for social media moderation services. Client: CivicVoice. Amount: 1260 MAD. Date: 12/05/2026.",invoice
"Billing note for solar panel monitoring subscription. Total amount: 870 USD. Invoice #6184.",invoice
"Invoice #1539 for ERP data cleanup support. Client: ProcessGrid. Amount: 3590 EUR. Date: 14/03/2026.",invoice
"Invoice for recruitment training bundle. Total: 2410 MAD. Invoice #5061. Contact: admin@talentloop.ma",invoice
"Payment invoice #8902 for legal case filing support. Amount: 5600 USD. Date: 25/01/2026.",invoice
"Invoice #4723 for website accessibility audit. Client: AccessWave. Total amount: 2890 EUR.",invoice
"Billing statement for hardware installation. Amount: 3180 MAD. Invoice #6197. Date: 08/05/2026.",invoice
"Invoice #3341 for cloud cost optimization consulting. Total: 4080 USD. Contact: accounts@cloudtrim.io",invoice
"Invoice for translation memory setup. Client: PolyText. Amount: 1345 EUR. Invoice #2175.",invoice
"Payment request for CRM user training. Total amount: 2220 MAD. Date: 18/04/2026. Invoice #5406.",invoice
"Invoice #9080 for process automation consulting. Client: RoboFlow. Amount: 6880 USD.",invoice
"Billing invoice for telecom infrastructure maintenance. Total: 7400 MAD. Invoice #6011. Date: 07/02/2026.",invoice
"Invoice #4418 for AI workshop facilitation. Client: DataCampus. Amount: 2760 EUR. Email: billing@datacampus.org",invoice
"Invoice for annual software support renewal. Total amount: 1950 USD. Invoice #2664.",invoice
"Payment statement #7993 for energy audit services. Client: EcoPulse. Amount: 3850 MAD. Date: 03/03/2026.",invoice
"Invoice #3570 for graphic assets and branding kit. Total: 1620 EUR. Contact: finance@brandmint.studio",invoice
"Invoice for logistics route optimization study. Client: MoveChain. Amount: 4510 USD. Invoice #9821.",invoice
"Invoice #5488 for compliance training sessions. Client: PolicyWorks. Amount: 2140 MAD. Date: 18/05/2026.",invoice
"Billing invoice for cybersecurity awareness workshops. Total: 2980 USD. Invoice #7741. Contact: finance@shieldlearn.com",invoice
"Invoice #6638 for ERP documentation support. Client: FlowDesk. Amount: 1875 EUR. Date: 09/04/2026.",invoice
"Quarterly financial report Q1 2026. Revenue: $2.4M. Net profit: $410K. Growth: 12% compared to last quarter.",report
"Annual business report for 2025 covering expansion, sales performance, operating costs, and strategic priorities.",report
"Market analysis report discussing customer behavior, pricing trends, and regional demand changes in North Africa.",report
"Technical evaluation report on system migration to microservices. Includes cost estimates, risks, and expected benefits.",report
"Performance report for the support team. Response time improved by 18% and customer satisfaction reached 92%.",report
"Project status report for the campus mobile application. Phase 2 completed on time and testing is underway.",report
"Monthly sales report for February 2026. Top performing region was Casablanca with strong retail growth.",report
"Research report on AI trends in healthcare. Key finding: diagnostic accuracy improved in assisted review workflows.",report
"Operational report describing warehouse delays, root causes, and proposed corrective actions for shipping teams.",report
"Financial summary report Q4 2025. Revenue: $3.1M. Net profit: $520K. Growth: 9% year over year.",report
"Internal audit report covering procurement controls, invoice approval workflow, and compliance observations.",report
"Network performance report showing packet loss reduction and improved uptime after firewall upgrades.",report
"Customer service report highlighting escalation volume, average handling time, and satisfaction survey results.",report
"Business intelligence report comparing conversion rates, traffic quality, and product category performance.",report
"Risk assessment report on legacy infrastructure. Main risks include downtime, security exposure, and poor scalability.",report
"Semester academic report summarizing attendance, grades, intervention plans, and student support outcomes.",report
"Weekly operations report for the logistics unit. Delivery completion rate reached 96% with lower fuel waste.",report
"Clinical data review report discussing patient throughput, scheduling efficiency, and reporting delays.",report
"Engineering report evaluating solar system output, maintenance needs, and seasonal performance trends.",report
"Product performance report Q2 2026. Feature adoption increased while support tickets decreased by 15%.",report
"Strategic planning report for regional market expansion, partnership opportunities, and staffing forecasts.",report
"Security incident report documenting phishing attempts, affected users, mitigation steps, and recommendations.",report
"Marketing report on paid campaigns. Cost per lead decreased while qualified pipeline increased by 22%.",report
"Quality assurance report summarizing test coverage, defect categories, regression results, and release readiness.",report
"Sustainability report outlining waste reduction initiatives, energy consumption metrics, and carbon tracking goals.",report
"Technical report on database performance tuning. Query latency decreased after indexing and cleanup actions.",report
"Monthly finance report. Revenue: $1.8M. Net profit: $260K. Expense ratio remained stable across departments.",report
"Public relations report analyzing media mentions, press outreach, and engagement after the product launch.",report
"Research evaluation report on multilingual text classification models and benchmark performance comparison.",report
"HR report describing hiring funnel conversion, onboarding completion, and employee retention metrics.",report
"Educational progress report for online learning programs showing increased course completion after tutoring support.",report
"Digital transformation report on workflow automation, manual task reduction, and team productivity outcomes.",report
"Business review report discussing vendor reliability, procurement savings, and contract renewal status.",report
"Performance analysis report of cloud spending with recommendations for storage and compute optimization.",report
"Audit follow-up report confirming closure status for compliance findings identified in the previous quarter.",report
"Technical inspection report for industrial equipment noting calibration drift, maintenance intervals, and downtime risk.",report
"Quarterly growth report Q3 2025. Revenue: $2.7M. Growth: 14%. Regional expansion remained on track.",report
"Operations review report comparing planned output, actual throughput, and staffing efficiency in manufacturing.",report
"Data governance report examining data quality issues, duplication rates, and ownership responsibilities.",report
"Support operations report on ticket backlog, first response time, and self-service portal usage.",report
"Commercial performance report covering reseller revenue, churn patterns, and product mix by segment.",report
"System monitoring report noting CPU spikes, incident timelines, and remediation completed by the SRE team.",report
"Research summary report on customer sentiment themes extracted from multilingual product reviews.",report
"Field operations report documenting service visits, resolution rates, and spare parts consumption.",report
"Executive report on strategic initiatives, budget utilization, and milestone delivery status.",report
"Compliance report on data retention policy adherence and required remediation actions for archived records.",report
"KPI report for the finance department showing cycle time improvements in closing and reconciliation tasks.",report
"Technical feasibility report for chatbot deployment using retrieval augmentation and intent classification.",report
"Monthly performance report for marketing automation workflows and subscriber engagement metrics.",report
"Case study report on ERP rollout challenges, training effectiveness, and adoption across departments.",report
"Business continuity report evaluating backup readiness, failover coverage, and response procedures.",report
"Quarterly board report Q2 2026. Revenue: $4.2M. Net profit: $610K. Growth: 11% over last year.",report
"Store operations report on foot traffic, basket size, staffing coverage, and shrinkage reduction.",report
"Engineering review report of mobile app crashes, release quality, and performance improvements after optimization.",report
"Financial control report detailing budget variance, revenue recognition issues, and mitigation steps.",report
"AI experimentation report comparing precision, recall, and inference speed across document classifiers.",report
"Monthly HR report on recruitment cycle time, interview completion rates, and offer acceptance trends.",report
"Operations scorecard report for warehouse automation with throughput, downtime, and quality indicators.",report
"Report on user research findings identifying pain points in onboarding, search usability, and dashboard navigation.",report
"Environmental impact report describing water use reduction and waste segregation progress in facilities.",report
"Project closure report summarizing deliverables completed, lessons learned, cost performance, and client feedback.",report
"Business performance report for the fintech unit with transaction volume growth and fraud losses kept low.",report
"Technical report on API latency and service reliability after infrastructure scaling adjustments.",report
"Performance report for procurement activities showing improved vendor response time and lower purchasing costs.",report
"Research report on image classification experiments with CNN models for medical triage support.",report
"Quarterly financial report Q4 2024. Revenue: $2.1M. Net profit: $330K. Growth: 7% year over year.",report
"Customer retention report examining renewal rates, churn drivers, and recommended account actions.",report
"Operational efficiency report on contact center staffing, adherence, and call abandonment metrics.",report
"Testing report for the student portal summarizing defects, fix validation, and release readiness outcomes.",report
"Internal governance report outlining policy adoption, approval workflow gaps, and improvement priorities.",report
"Strategic market report exploring expansion opportunities in Morocco, Tunisia, and West African regions.",report
"Monthly service delivery report for managed infrastructure support and client SLA compliance.",report
"Cost optimization report for cloud workloads showing unused resources and reserved capacity opportunities.",report
"Performance report on the data team. Dashboard delivery improved while pipeline incidents decreased significantly.",report
"Analytical report evaluating conversion funnel bottlenecks and proposing landing page improvements.",report
"Research findings report on education technology adoption in blended learning environments.",report
"Quarterly sales report Q1 2025. Revenue: $1.9M. Growth: 10%. Enterprise segment led total bookings.",report
"Maintenance report for a solar installation describing panel cleaning, inverter checks, and output stability.",report
"Fraud monitoring report covering flagged transactions, investigation outcomes, and response timing.",report
"Operational review report on procurement backlog and supplier risk concentration in critical categories.",report
"Product analytics report tracking feature usage, retention cohorts, and in-app engagement changes.",report
"Technical assessment report on legacy desktop applications and migration options to web platforms.",report
"Monthly quality report for manufacturing with defect rates, scrap percentage, and rework trends.",report
"Business analysis report on pricing strategy changes and their effect on margin and customer acquisition.",report
"Research report discussing transfer learning performance on small multilingual datasets.",report
"Field service report summarizing installation counts, revisit rates, and technician productivity.",report
"Quarterly executive report Q3 2026. Revenue: $4.6M. Net profit: $690K. Growth: 13%.",report
"Data quality report identifying null values, inconsistent identifiers, and duplicate client records.",report
"Operational readiness report for a campus chatbot rollout including support workflows and escalation rules.",report
"Financial reporting package summarizing revenue, expenses, accounts receivable, and profitability trends.",report
"Performance report on SEO efforts showing improved organic traffic and higher conversion quality over six months.",report
"Research summary on sentiment analysis methods for product reviews in Arabic, French, and English.",report
"Internal project report on LMS migration with schedule status, open issues, and training completion metrics.",report
"Security posture report covering patch compliance, MFA adoption, and incident response preparedness.",report
"Capacity planning report for cloud systems projecting storage needs and compute demand for the next year.",report
"Operational report on pharmacy supply chain performance and stockout reduction initiatives.",report
"Business review report of a subscription platform with churn reduction, trial conversion, and ARPU trends.",report
"Technical validation report for OCR extraction accuracy on invoices, forms, and scanned reports.",report
"Monthly leadership report highlighting hiring progress, sales updates, and top program risks.",report
"Procurement savings report summarizing contract renegotiation results and category-level cost reductions.",report
